[[ 469 1333]] , [[ 469 1337]]
[[ 495 1350]] , [[ 494 1351]]
[[808 991]] , [[807 992]]
[[802 859]] , [[801 860]]
[[188 953]] , [[188 960]]
[[ 232 1195]] , [[ 233 1194]]
[[ 209 1189]] , [[ 210 1188]]
[[ 230 1189]] , [[ 231 1188]]
[[ 498 1352]] , [[ 499 1351]]
[[ 450 1009]] , [[ 451 1008]]
[[ 214 1363]] , [[ 215 1362]]
[[297 886]] , [[297 891]]
[[585 842]] , [[585 847]]
[[616 853]] , [[617 854]]
[[332 854]] , [[333 853]]
[[1069  774]] , [[1069  778]]
[[567 859]] , [[568 858]]
[[377 843]] , [[378 842]]
[[562 647]] , [[561 648]]
[[509 573]] , [[508 574]]
[[446 573]] , [[446 578]]
[[445 798]] , [[445 802]]
[[354 831]] , [[355 830]]
[[238 572]] , [[238 576]]
[[397 573]] , [[397 577]]
[[912 615]] , [[911 616]]
[[790 657]] , [[789 658]]
[[912 615]] , [[911 616]]
[[339 821]] , [[340 820]]
[[429 573]] , [[429 577]]
[[360 830]] , [[361 829]]
[[812 653]] , [[811 654]]
[[333 572]] , [[333 577]]
[[355 490]] , [[355 494]]
[[285 573]] , [[284 574]]
[[262 553]] , [[262 557]]
[[618 819]] , [[619 818]]
[[637 829]] , [[638 828]]
[[547 574]] , [[547 578]]
[[210 837]] , [[211 836]]
[[591 572]] , [[591 576]]
[[534 574]] , [[534 578]]
[[607 574]] , [[606 575]]
[[458 576]] , [[458 580]]
[[590 576]] , [[590 580]]
[[606 576]] , [[606 580]]
[[914 617]] , [[911 620]]
[[313 573]] , [[313 574]]
[[494 492]] , [[494 496]]
[[281 553]] , [[281 557]]
[[244 574]] , [[244 578]]
[[495 492]] , [[495 496]]
[[295 574]] , [[295 578]]
[[477 575]] , [[477 579]]
[[419 573]] , [[419 575]]
[[640 765]] , [[639 766]]
[[640 574]] , [[640 578]]
[[481 575]] , [[481 579]]
[[604 574]] , [[604 578]]
[[635 827]] , [[636 826]]
[[655 573]] , [[654 574]]
[[187 571]] , [[187 575]]
[[269 553]] , [[269 557]]
[[268 574]] , [[268 578]]
[[477 575]] , [[477 579]]
[[663 810]] , [[662 811]]
[[280 572]] , [[279 573]]
[[632 574]] , [[632 578]]
[[327 573]] , [[327 577]]
[[405 575]] , [[405 579]]
[[448 571]] , [[448 575]]
[[258 553]] , [[258 557]]
[[549 575]] , [[549 579]]
[[361 834]] , [[362 834]]
[[317 575]] , [[317 579]]
[[920 611]] , [[919 612]]
[[276 574]] , [[276 578]]
[[221 839]] , [[222 838]]
[[772 843]] , [[773 842]]
[[354 815]] , [[352 817]]
[[203 836]] , [[206 836]]
[[ 469 1333]] , [[ 469 1337]]
[[ 469 1333]] , [[ 469 1337]]
[[ 495 1350]] , [[ 494 1351]]
[[808 991]] , [[807 992]]
[[802 859]] , [[801 860]]
[[188 953]] , [[188 960]]
[[ 232 1195]] , [[ 233 1194]]
[[ 209 1189]] , [[ 210 1188]]
[[ 230 1189]] , [[ 231 1188]]
[[ 498 1352]] , [[ 499 1351]]
[[ 450 1009]] , [[ 451 1008]]
[[ 214 1363]] , [[ 215 1362]]
[[297 886]] , [[297 891]]
[[585 842]] , [[585 847]]
[[616 853]] , [[617 854]]
[[332 854]] , [[333 853]]
[[1069  774]] , [[1069  778]]
[[567 859]] , [[568 858]]
[[377 843]] , [[378 842]]
[[562 647]] , [[561 648]]
[[509 573]] , [[508 574]]
[[446 573]] , [[446 578]]
[[445 798]] , [[445 802]]
[[173 887]] , [[173 894]]
[[ 332 1015]] , [[ 333 1014]]
[[808 991]] , [[807 992]]
[[808 989]] , [[807 990]]
[[828 981]] , [[827 982]]
[[ 696 1009]] , [[ 697 1008]]
[[ 564 1007]] , [[ 563 1008]]
[[ 312 1045]] , [[ 312 1046]]
[[ 192 1051]] , [[ 192 1069]]
[[ 570 1335]] , [[ 571 1334]]
[[ 497 1350]] , [[ 498 1350]]
[[442 937]] , [[443 936]]
[[ 199 1105]] , [[ 200 1104]]
[[752 835]] , [[751 836]]
[[375 824]] , [[375 829]]
[[344 891]] , [[345 890]]
[[396 901]] , [[397 900]]
[[308 845]] , [[309 844]]
[[308 845]] , [[309 844]]
[[414 839]] , [[415 838]]
[[672 769]] , [[671 770]]
[[623 863]] , [[624 862]]
[[708 842]] , [[709 841]]
[[686 834]] , [[687 833]]
[[542 855]] , [[543 854]]
[[398 893]] , [[399 892]]
[[402 861]] , [[403 860]]
[[541 854]] , [[554 854]]
[[404 863]] , [[405 864]]
[[358 829]] , [[361 829]]
[[371 850]] , [[372 850]]
[[562 853]] , [[563 852]]
[[369 850]] , [[370 849]]
[[486 717]] , [[485 718]]
[[416 841]] , [[417 840]]
[[431 854]] , [[432 853]]
[[776 841]] , [[778 841]]
[[422 846]] , [[423 845]]
[[398 902]] , [[399 901]]
[[446 857]] , [[447 856]]
[[597 854]] , [[598 854]]
[[663 835]] , [[664 834]]
[[433 803]] , [[434 802]]
[[588 847]] , [[589 846]]
[[761 883]] , [[762 882]]
[[394 879]] , [[395 878]]
[[407 901]] , [[408 900]]
[[374 818]] , [[375 817]]
[[219 840]] , [[220 839]]
[[376 830]] , [[377 829]]
[[370 859]] , [[371 858]]
[[385 868]] , [[386 867]]
[[396 868]] , [[397 867]]
[[385 868]] , [[386 867]]
[[620 849]] , [[621 848]]
[[664 763]] , [[663 764]]
[[371 850]] , [[372 850]]
[[538 891]] , [[539 890]]
[[717 753]] , [[717 754]]
[[679 771]] , [[680 770]]
[[615 849]] , [[616 848]]
[[763 840]] , [[764 839]]
[[417 900]] , [[418 899]]
[[441 858]] , [[442 857]]
[[399 898]] , [[400 897]]
[[600 859]] , [[601 858]]
[[378 850]] , [[379 849]]
[[390 882]] , [[391 881]]
[[358 857]] , [[359 856]]
[[383 877]] , [[384 876]]
[[475 856]] , [[476 855]]
[[389 860]] , [[394 860]]
[[676 833]] , [[676 838]]
[[154 847]] , [[154 856]]
[[329 782]] , [[329 787]]
[[571 842]] , [[568 845]]
[[455 840]] , [[454 841]]
[[376 950]] , [[377 949]]
[[389 929]] , [[390 928]]
[[376 950]] , [[377 949]]
[[591 840]] , [[591 844]]
[[147 849]] , [[147 856]]
[[353 853]] , [[354 852]]
[[738 835]] , [[736 837]]
[[405 798]] , [[405 803]]
[[169 870]] , [[168 871]]
[[171 932]] , [[172 931]]
[[805 855]] , [[806 854]]
[[656 855]] , [[654 857]]
[[403 904]] , [[404 905]]
[[155 893]] , [[156 892]]
[[251 854]] , [[251 858]]
[[494 845]] , [[493 846]]
[[354 805]] , [[355 804]]
[[166 915]] , [[167 915]]
[[367 818]] , [[367 823]]
[[704 885]] , [[705 884]]
[[416 874]] , [[417 873]]
[[359 822]] , [[359 827]]
[[685 832]] , [[685 836]]
[[537 764]] , [[538 763]]
[[330 782]] , [[331 781]]
[[133 851]] , [[134 850]]
[[362 861]] , [[363 860]]
[[328 779]] , [[326 781]]
[[327 820]] , [[325 822]]
[[125 887]] , [[126 886]]
[[131 859]] , [[132 858]]
[[119 869]] , [[120 868]]
[[690 781]] , [[689 782]]
[[122 896]] , [[123 895]]
[[286 852]] , [[287 851]]
[[720 797]] , [[719 798]]
[[116 863]] , [[117 862]]
[[517 842]] , [[517 851]]
[[571 893]] , [[572 892]]
[[718 805]] , [[717 806]]
[[377 806]] , [[376 807]]
[[428 866]] , [[429 865]]
[[356 861]] , [[357 860]]
[[133 916]] , [[134 915]]
[[307 890]] , [[308 889]]
[[603 862]] , [[604 861]]
[[650 861]] , [[651 860]]
[[101 869]] , [[102 868]]
[[140 921]] , [[141 920]]
[[358 861]] , [[359 860]]
[[497 856]] , [[498 855]]
[[536 864]] , [[537 863]]
[[644 857]] , [[645 856]]
[[357 818]] , [[356 819]]
[[438 737]] , [[436 739]]
[[137 917]] , [[138 916]]
[[137 917]] , [[138 916]]
[[691 794]] , [[692 793]]
[[131 880]] , [[132 879]]
[[557 912]] , [[558 913]]
[[329 781]] , [[329 782]]
[[675 781]] , [[674 782]]
[[476 765]] , [[475 766]]
[[692 789]] , [[691 790]]
[[754 767]] , [[753 768]]
[[562 749]] , [[560 751]]
[[127 829]] , [[126 830]]
[[102 855]] , [[102 859]]
[[762 868]] , [[763 867]]
[[157 946]] , [[158 945]]
[[604 853]] , [[605 852]]
[[386 795]] , [[385 796]]
[[332 795]] , [[332 799]]
[[125 864]] , [[126 863]]
[[299 840]] , [[299 844]]
[[771 866]] , [[772 865]]
[[127 840]] , [[125 842]]
[[775 941]] , [[776 940]]
[[398 884]] , [[399 883]]
[[357 832]] , [[355 834]]
[[760 845]] , [[759 846]]
[[785 873]] , [[785 874]]
[[690 839]] , [[690 843]]
[[124 883]] , [[124 890]]
[[154 891]] , [[152 893]]
[[292 851]] , [[291 852]]
[[388 795]] , [[387 796]]
[[534 876]] , [[535 875]]
[[332 796]] , [[332 797]]
[[126 825]] , [[125 826]]
[[702 795]] , [[701 796]]
[[406 883]] , [[407 882]]
[[148 865]] , [[149 864]]
[[702 795]] , [[701 796]]
[[ 154 1008]] , [[ 155 1007]]
[[360 811]] , [[359 812]]
[[133 827]] , [[133 828]]
[[152 867]] , [[153 866]]
[[600 911]] , [[601 910]]
[[800 860]] , [[801 859]]
[[169 902]] , [[170 902]]
[[666 795]] , [[665 796]]
[[352 837]] , [[351 838]]
[[351 850]] , [[352 849]]
[[602 865]] , [[603 864]]
[[706 883]] , [[707 882]]
[[245 842]] , [[248 842]]
[[580 857]] , [[581 858]]
[[539 856]] , [[548 856]]
[[538 856]] , [[539 855]]
[[405 904]] , [[406 903]]
[[672 779]] , [[671 780]]
[[587 861]] , [[588 860]]
[[392 893]] , [[393 892]]
[[396 884]] , [[397 883]]
[[418 908]] , [[419 907]]
[[351 766]] , [[351 770]]
[[391 863]] , [[392 862]]
[[768 885]] , [[769 884]]
[[541 795]] , [[539 797]]
[[395 896]] , [[396 895]]
[[400 777]] , [[401 776]]
[[387 852]] , [[388 851]]
[[355 818]] , [[356 817]]
[[572 861]] , [[573 860]]
[[382 787]] , [[381 788]]
[[399 870]] , [[400 869]]
[[589 860]] , [[606 860]]
[[346 785]] , [[345 786]]
[[398 856]] , [[399 855]]
[[409 871]] , [[410 870]]
[[605 860]] , [[606 860]]
[[514 860]] , [[515 859]]
[[514 861]] , [[515 860]]
[[716 853]] , [[717 852]]
[[482 863]] , [[483 862]]
[[514 861]] , [[515 860]]
[[525 860]] , [[526 859]]
[[580 863]] , [[581 862]]
[[590 853]] , [[591 852]]
[[465 851]] , [[466 850]]
[[727 848]] , [[728 847]]
[[564 858]] , [[565 857]]
[[854 857]] , [[853 858]]
[[336 884]] , [[337 883]]
[[328 871]] , [[329 870]]
[[608 849]] , [[609 848]]
[[417 866]] , [[418 865]]
[[616 860]] , [[617 859]]
[[672 781]] , [[671 782]]
[[402 889]] , [[403 888]]
[[590 854]] , [[591 853]]
[[555 803]] , [[555 807]]
[[492 797]] , [[491 798]]
[[430 799]] , [[429 800]]
[[688 811]] , [[688 816]]
[[446 799]] , [[445 800]]
[[838 845]] , [[837 846]]
[[586 854]] , [[587 853]]
[[758 809]] , [[758 817]]
[[506 799]] , [[504 801]]
[[429 879]] , [[430 878]]
[[431 879]] , [[432 878]]
[[406 889]] , [[407 888]]
[[495 859]] , [[496 858]]
[[538 857]] , [[539 856]]
[[437 878]] , [[438 877]]
[[418 890]] , [[419 889]]
[[523 850]] , [[524 849]]
[[544 851]] , [[545 850]]
[[522 859]] , [[523 858]]
[[502 859]] , [[503 858]]
[[608 859]] , [[609 858]]
[[429 847]] , [[430 846]]
[[416 878]] , [[417 877]]
[[459 902]] , [[460 903]]
[[419 862]] , [[420 863]]
[[767 869]] , [[768 868]]
[[338 874]] , [[340 874]]
[[470 854]] , [[471 853]]
[[466 853]] , [[467 852]]
[[424 852]] , [[425 851]]
[[582 797]] , [[580 799]]
[[323 822]] , [[321 824]]
[[504 853]] , [[505 852]]
[[562 863]] , [[563 862]]
[[468 845]] , [[469 844]]
[[876 845]] , [[875 846]]
[[620 799]] , [[618 801]]
[[718 833]] , [[716 835]]
[[428 801]] , [[426 803]]
[[428 801]] , [[426 803]]
[[457 893]] , [[458 892]]
[[321 832]] , [[320 833]]
[[546 861]] , [[547 860]]
[[720 845]] , [[725 845]]
[[462 797]] , [[462 801]]
[[631 862]] , [[632 861]]
[[434 862]] , [[436 862]]
[[462 797]] , [[462 801]]
[[852 853]] , [[851 854]]
[[844 853]] , [[843 854]]
[[217 860]] , [[217 864]]
[[650 857]] , [[651 856]]
[[637 858]] , [[638 857]]
[[579 866]] , [[580 866]]
[[846 853]] , [[844 855]]
[[464 797]] , [[462 799]]
[[464 797]] , [[462 799]]
[[542 797]] , [[541 798]]
[[565 850]] , [[566 850]]
[[517 858]] , [[518 858]]
[[455 840]] , [[455 845]]
[[430 851]] , [[431 850]]
[[654 885]] , [[653 886]]
[[744 961]] , [[745 960]]
[[643 857]] , [[643 859]]
[[747 880]] , [[749 880]]
[[211 915]] , [[212 914]]
[[814 853]] , [[813 854]]
[[598 763]] , [[597 764]]
[[618 839]] , [[618 844]]
[[712 836]] , [[712 837]]
[[251 819]] , [[251 823]]
[[576 795]] , [[574 797]]
[[1063  831]] , [[1063  840]]
[[396 743]] , [[395 744]]
[[379 751]] , [[379 755]]
[[680 874]] , [[681 873]]
[[739 931]] , [[740 930]]
[[484 841]] , [[485 840]]
[[398 795]] , [[397 796]]
[[742 773]] , [[742 776]]
[[398 797]] , [[397 798]]
[[742 789]] , [[742 793]]
[[143 848]] , [[144 847]]
[[318 837]] , [[319 836]]
[[528 853]] , [[529 852]]
[[522 851]] , [[523 850]]
[[664 783]] , [[663 784]]
[[717 845]] , [[718 844]]
[[108 823]] , [[109 823]]
[[664 783]] , [[663 784]]
[[102 854]] , [[103 853]]
[[ 99 854]] , [[100 853]]
[[622 823]] , [[623 824]]
[[522 801]] , [[520 803]]
[[527 883]] , [[528 882]]
[[742 789]] , [[742 791]]
[[748 947]] , [[749 946]]
[[182 840]] , [[183 839]]
[[386 850]] , [[387 849]]
[[732 802]] , [[732 809]]
[[627 828]] , [[628 827]]
[[163 839]] , [[164 838]]
[[291 843]] , [[292 842]]
[[526 797]] , [[525 798]]
[[164 849]] , [[165 848]]
[[100 853]] , [[101 852]]
[[488 855]] , [[489 854]]
[[482 852]] , [[483 851]]
[[376 777]] , [[373 780]]
[[640 803]] , [[639 804]]
[[ 42 831]] , [[ 57 831]]
[[744 887]] , [[745 886]]
[[488 881]] , [[489 881]]
[[463 855]] , [[464 854]]
[[272 837]] , [[273 836]]
[[351 844]] , [[352 844]]
[[394 795]] , [[392 797]]
[[635 849]] , [[636 850]]
[[529 852]] , [[530 852]]
[[526 853]] , [[527 852]]
[[371 813]] , [[371 817]]
[[495 848]] , [[496 848]]
[[415 844]] , [[426 844]]
[[727 858]] , [[740 858]]
[[652 793]] , [[651 794]]
[[372 845]] , [[373 844]]
[[331 850]] , [[332 849]]
[[385 843]] , [[386 842]]
[[518 849]] , [[519 848]]
[[743 916]] , [[744 915]]
[[597 852]] , [[604 852]]
[[331 851]] , [[332 850]]
[[532 795]] , [[530 797]]
[[588 795]] , [[587 796]]
[[317 868]] , [[321 868]]
[[657 811]] , [[657 812]]
[[319 868]] , [[320 867]]
[[740 875]] , [[741 874]]
[[ 52 829]] , [[ 51 830]]
[[471 908]] , [[472 907]]
[[322 867]] , [[323 867]]
[[471 906]] , [[476 906]]
[[445 858]] , [[458 858]]
[[409 845]] , [[410 844]]
[[356 845]] , [[357 844]]
[[253 840]] , [[262 840]]
[[742 916]] , [[743 915]]
[[151 850]] , [[152 849]]
[[676 859]] , [[677 858]]
[[385 848]] , [[386 847]]
[[350 754]] , [[350 759]]
[[481 907]] , [[482 906]]
[[671 844]] , [[672 843]]
[[473 884]] , [[474 883]]
[[474 887]] , [[475 886]]
[[521 862]] , [[522 862]]
[[334 759]] , [[334 763]]
[[420 873]] , [[421 872]]
[[407 862]] , [[408 861]]
[[486 895]] , [[487 896]]
[[446 871]] , [[447 870]]
[[351 862]] , [[352 861]]
[[406 853]] , [[407 852]]
[[506 900]] , [[507 899]]
[[509 909]] , [[510 908]]
[[ 82 831]] , [[ 82 835]]
[[513 948]] , [[514 947]]
[[339 789]] , [[339 794]]
[[452 861]] , [[453 860]]
[[586 863]] , [[587 862]]
[[700 769]] , [[700 773]]
[[729 755]] , [[729 766]]
[[518 881]] , [[519 880]]
[[521 882]] , [[522 881]]
[[490 847]] , [[491 846]]
[[513 834]] , [[513 839]]
[[125 864]] , [[126 863]]
[[230 851]] , [[231 850]]
[[317 852]] , [[318 851]]
[[748 858]] , [[749 857]]
[[113 853]] , [[114 852]]
[[274 849]] , [[275 848]]
[[541 869]] , [[542 868]]
[[343 787]] , [[343 791]]
[[597 852]] , [[604 852]]
[[573 899]] , [[574 898]]
[[297 850]] , [[312 850]]
[[460 743]] , [[459 744]]
[[664 777]] , [[663 778]]
[[610 853]] , [[611 852]]
[[324 855]] , [[325 854]]
[[ 155 1013]] , [[ 156 1012]]
[[348 857]] , [[349 856]]
[[352 849]] , [[353 848]]
[[351 852]] , [[352 851]]
[[644 834]] , [[645 833]]
[[362 847]] , [[363 846]]
[[574 773]] , [[573 774]]
[[694 881]] , [[695 880]]
[[566 851]] , [[567 850]]
[[534 801]] , [[532 803]]
[[546 852]] , [[547 851]]
[[695 880]] , [[699 880]]
[[704 859]] , [[705 858]]
[[160 833]] , [[160 837]]
[[710 857]] , [[711 856]]
[[385 810]] , [[386 809]]
[[319 872]] , [[338 872]]
[[413 854]] , [[414 853]]
[[462 803]] , [[460 805]]
[[689 734]] , [[689 738]]
[[666 773]] , [[665 774]]
[[423 906]] , [[424 905]]
[[214 839]] , [[215 838]]
[[344 810]] , [[344 813]]
[[784 847]] , [[785 846]]
[[770 844]] , [[771 843]]
[[500 863]] , [[501 862]]
[[408 900]] , [[409 899]]
[[680 857]] , [[681 857]]
[[443 860]] , [[444 859]]
[[688 853]] , [[689 852]]
[[444 858]] , [[445 857]]
[[768 949]] , [[769 948]]
[[357 782]] , [[357 792]]
[[514 863]] , [[515 862]]
[[710 877]] , [[711 876]]
[[483 892]] , [[484 891]]
[[746 876]] , [[748 878]]
[[765 888]] , [[766 888]]
[[666 765]] , [[665 766]]
[[464 877]] , [[465 876]]
[[357 863]] , [[358 862]]
[[434 886]] , [[435 887]]
[[414 918]] , [[415 917]]
[[403 888]] , [[404 887]]
[[415 891]] , [[416 890]]
[[529 796]] , [[527 798]]
[[412 913]] , [[413 912]]
[[484 797]] , [[484 803]]
[[719 837]] , [[718 838]]
[[787 837]] , [[786 838]]
[[834 847]] , [[833 848]]
[[181 871]] , [[181 879]]
[[560 841]] , [[560 846]]
[[840 881]] , [[839 882]]
[[383 814]] , [[382 815]]
[[461 844]] , [[462 844]]
[[625 818]] , [[624 819]]
[[510 781]] , [[509 782]]
[[832 845]] , [[831 846]]
[[758 897]] , [[759 897]]
[[842 881]] , [[841 882]]
[[832 851]] , [[831 852]]
[[754 967]] , [[755 966]]
[[189 868]] , [[188 869]]
[[ 243 1000]] , [[244 999]]
[[422 992]] , [[423 991]]
[[421 986]] , [[422 985]]
[[200 899]] , [[200 906]]
[[616 911]] , [[615 912]]
[[371 832]] , [[371 835]]
[[828 865]] , [[827 866]]
[[604 927]] , [[601 930]]
[[780 889]] , [[779 890]]
[[173 901]] , [[173 905]]
[[ 409 1107]] , [[ 410 1106]]
[[ 613 1314]] , [[ 614 1313]]
[[ 608 1307]] , [[ 609 1306]]
[[ 531 1353]] , [[ 532 1352]]
[[ 514 1353]] , [[ 515 1352]]
[[ 326 1313]] , [[ 327 1312]]
[[ 620 1305]] , [[ 621 1304]]
[[674 911]] , [[673 912]]
[[1074  865]] , [[1074  869]]
[[ 234 1344]] , [[ 235 1343]]
[[447 838]] , [[446 839]]
[[ 434 1205]] , [[ 435 1204]]
[[ 184 1015]] , [[ 184 1019]]
[[297 845]] , [[298 844]]
[[822 835]] , [[821 836]]
[[394 906]] , [[395 905]]
[[670 769]] , [[669 770]]
[[362 857]] , [[363 858]]
[[720 842]] , [[721 841]]
[[417 839]] , [[418 838]]
[[352 832]] , [[353 831]]
[[404 894]] , [[405 893]]
[[420 859]] , [[421 858]]
[[587 844]] , [[594 844]]
[[434 851]] , [[435 850]]
[[452 743]] , [[451 744]]
[[672 769]] , [[671 770]]
[[405 860]] , [[406 859]]
[[257 820]] , [[257 825]]
[[405 860]] , [[406 859]]
[[402 861]] , [[403 860]]
[[407 858]] , [[428 858]]
[[371 849]] , [[372 849]]
[[430 759]] , [[430 764]]
[[436 852]] , [[437 851]]
[[425 858]] , [[426 857]]
[[757 846]] , [[758 845]]
[[597 856]] , [[598 856]]
[[394 907]] , [[395 906]]
[[396 896]] , [[397 895]]
[[394 876]] , [[395 875]]
[[664 835]] , [[665 834]]
[[569 851]] , [[570 850]]
[[407 901]] , [[408 900]]
[[530 859]] , [[531 858]]
[[395 878]] , [[396 877]]
[[418 923]] , [[419 922]]
[[374 818]] , [[375 817]]
[[219 840]] , [[220 839]]
[[607 847]] , [[608 847]]
[[361 862]] , [[362 861]]
[[526 859]] , [[527 858]]
[[402 863]] , [[403 862]]
[[498 850]] , [[499 849]]
[[635 827]] , [[636 826]]
[[549 749]] , [[548 750]]
[[403 897]] , [[404 896]]
[[679 771]] , [[680 770]]
[[722 763]] , [[721 764]]
[[700 774]] , [[699 775]]
[[465 859]] , [[466 858]]
[[399 862]] , [[400 861]]
[[390 900]] , [[391 901]]
[[395 860]] , [[398 860]]
[[385 884]] , [[386 883]]
[[243 878]] , [[244 877]]
[[568 852]] , [[569 851]]
[[381 907]] , [[382 906]]
[[574 859]] , [[575 858]]
[[386 881]] , [[387 880]]
[[475 856]] , [[476 855]]
[[566 859]] , [[567 858]]
[[407 798]] , [[407 803]]
[[256 863]] , [[256 866]]
[[287 816]] , [[286 817]]
[[662 863]] , [[663 862]]
[[282 847]] , [[280 849]]
[[289 818]] , [[289 823]]
[[473 840]] , [[472 841]]
[[406 932]] , [[407 931]]
[[280 851]] , [[279 852]]
[[810 850]] , [[810 855]]
[[352 851]] , [[353 850]]
[[689 835]] , [[689 842]]
[[689 835]] , [[689 842]]
[[600 889]] , [[600 893]]
[[807 857]] , [[808 856]]
[[139 846]] , [[139 853]]
[[746 863]] , [[746 867]]
[[602 899]] , [[601 900]]
[[381 836]] , [[380 837]]
[[379 836]] , [[378 837]]
[[794 848]] , [[793 849]]
[[356 798]] , [[354 800]]
[[356 798]] , [[354 800]]
[[132 830]] , [[132 831]]
[[597 911]] , [[598 910]]
[[248 851]] , [[249 850]]
[[666 791]] , [[664 793]]
[[143 899]] , [[144 898]]
[[662 798]] , [[663 797]]
[[552 761]] , [[551 762]]
[[ 156 1003]] , [[ 157 1002]]
[[332 863]] , [[333 862]]
[[362 861]] , [[363 860]]
[[ 196 1009]] , [[ 197 1008]]
[[377 860]] , [[378 859]]
[[735 845]] , [[736 844]]
[[326 866]] , [[327 865]]
[[405 856]] , [[430 856]]
[[119 889]] , [[120 888]]
[[666 783]] , [[665 784]]
[[686 789]] , [[685 790]]
[[454 765]] , [[453 766]]
[[373 826]] , [[373 831]]
[[694 822]] , [[694 828]]
[[517 844]] , [[516 845]]
[[430 765]] , [[429 766]]
[[533 859]] , [[534 858]]
[[224 889]] , [[225 888]]
[[133 916]] , [[134 915]]
[[612 860]] , [[613 859]]
[[ 202 1009]] , [[ 203 1009]]
[[521 860]] , [[522 859]]
[[305 864]] , [[306 863]]
[[690 789]] , [[689 790]]
[[626 765]] , [[625 766]]
[[130 881]] , [[131 880]]
[[193 900]] , [[194 899]]
[[644 857]] , [[645 856]]
[[465 859]] , [[466 858]]
[[592 749]] , [[591 750]]
[[353 860]] , [[354 859]]
[[137 917]] , [[138 916]]
[[551 943]] , [[552 942]]
[[131 887]] , [[132 886]]
[[ 478 1195]] , [[ 479 1194]]
[[ 278 1177]] , [[ 278 1181]]
[[ 478 1168]] , [[ 478 1169]]
[[ 703 1179]] , [[ 703 1183]]
[[ 218 1362]] , [[ 219 1361]]
[[ 278 1169]] , [[ 278 1179]]
[[ 300 1351]] , [[ 300 1355]]
[[ 252 1166]] , [[ 252 1170]]
[[ 319 1352]] , [[ 319 1356]]
[[ 246 1357]] , [[ 246 1361]]
[[ 266 1188]] , [[ 266 1192]]
[[ 286 1186]] , [[ 286 1203]]
[[ 186 1169]] , [[ 186 1173]]
[[ 618 1100]] , [[ 618 1105]]
[[182 970]] , [[181 971]]
[[435 925]] , [[435 929]]
[[413 897]] , [[412 898]]
[[586 844]] , [[586 849]]
[[252 846]] , [[252 850]]
[[478 846]] , [[478 850]]
[[231 850]] , [[231 854]]
[[626 864]] , [[626 869]]
[[183 855]] , [[183 859]]
[[464 844]] , [[464 849]]
[[229 842]] , [[229 846]]
[[686 847]] , [[686 851]]
[[589 846]] , [[589 850]]
[[175 847]] , [[175 851]]
[[276 850]] , [[276 855]]
[[385 869]] , [[386 868]]
[[539 848]] , [[539 850]]
[[552 851]] , [[552 855]]
[[559 842]] , [[559 846]]
[[647 839]] , [[647 841]]
[[224 843]] , [[223 844]]
[[615 851]] , [[615 855]]
[[267 848]] , [[267 852]]
[[288 852]] , [[288 856]]
[[392 851]] , [[392 855]]
[[460 850]] , [[460 855]]
[[388 843]] , [[388 847]]
[[555 858]] , [[556 857]]
[[518 849]] , [[518 853]]
[[462 851]] , [[462 855]]
[[462 851]] , [[462 855]]
[[302 855]] , [[302 861]]
[[376 846]] , [[374 848]]
[[493 845]] , [[493 846]]
[[385 883]] , [[386 882]]
[[602 844]] , [[602 848]]
[[207 842]] , [[207 846]]
[[458 839]] , [[458 843]]
[[225 844]] , [[225 848]]
[[460 848]] , [[460 853]]
[[672 845]] , [[672 849]]
[[273 848]] , [[273 852]]
[[388 855]] , [[388 857]]
[[227 861]] , [[226 862]]
[[173 885]] , [[174 884]]
[[621 863]] , [[620 864]]
[[520 851]] , [[520 855]]
[[605 893]] , [[604 894]]
[[662 854]] , [[662 861]]
[[244 878]] , [[245 877]]
[[325 850]] , [[325 852]]
[[181 892]] , [[182 891]]
[[271 848]] , [[271 850]]
[[668 865]] , [[667 866]]
[[180 894]] , [[180 899]]
[[270 862]] , [[270 866]]
[[168 877]] , [[168 881]]
[[164 869]] , [[164 873]]
[[213 889]] , [[211 891]]
[[383 909]] , [[383 913]]
[[406 896]] , [[406 900]]
[[391 912]] , [[391 916]]
[[595 895]] , [[594 896]]
[[214 895]] , [[214 896]]
[[213 895]] , [[213 896]]
[[583 910]] , [[583 914]]
[[615 901]] , [[616 900]]
[[411 898]] , [[411 908]]
[[158 866]] , [[158 871]]
[[177 909]] , [[177 910]]
[[606 918]] , [[606 922]]
[[607 943]] , [[607 946]]
[[609 928]] , [[609 937]]
[[600 936]] , [[600 938]]
[[176 960]] , [[176 964]]
[[142 923]] , [[142 927]]
[[142 916]] , [[142 917]]
[[607 899]] , [[607 903]]
[[594 922]] , [[593 923]]
[[140 918]] , [[139 919]]
[[146 894]] , [[146 899]]
[[796 888]] , [[796 893]]
[[573 899]] , [[573 907]]
[[618 860]] , [[618 865]]
[[193 865]] , [[192 866]]
[[415 853]] , [[415 854]]
[[670 860]] , [[670 865]]
[[383 850]] , [[383 852]]
[[576 866]] , [[575 867]]
[[328 847]] , [[328 851]]
[[406 839]] , [[406 843]]
[[153 858]] , [[153 862]]
[[130 856]] , [[130 861]]
[[589 857]] , [[588 858]]
[[249 848]] , [[249 852]]
[[504 853]] , [[504 857]]
[[150 867]] , [[150 871]]
[[432 853]] , [[432 857]]
[[764 856]] , [[764 863]]
[[566 892]] , [[566 897]]
[[320 898]] , [[320 905]]
[[330 914]] , [[330 923]]
[[328 914]] , [[328 923]]
[[139 895]] , [[139 907]]
[[667 855]] , [[667 859]]
[[120 906]] , [[120 911]]
[[322 898]] , [[322 905]]
[[635 853]] , [[635 857]]
[[661 857]] , [[661 861]]
[[105 860]] , [[105 864]]
[[177 876]] , [[175 878]]
[[556 896]] , [[556 900]]
[[320 914]] , [[320 915]]
[[552 908]] , [[552 916]]
[[133 884]] , [[133 886]]
[[146 885]] , [[146 887]]
[[ 96 871]] , [[ 96 875]]
[[324 912]] , [[324 913]]
[[221 856]] , [[221 860]]
[[349 854]] , [[349 859]]
[[349 854]] , [[349 859]]
[[538 855]] , [[538 859]]
[[347 854]] , [[347 859]]
[[558 908]] , [[558 930]]
[[ 185 1000]] , [[186 999]]
[[554 894]] , [[554 898]]
[[240 850]] , [[240 855]]
[[330 898]] , [[330 899]]
[[754 874]] , [[753 875]]
[[558 900]] , [[558 904]]
[[142 921]] , [[142 925]]
[[559 959]] , [[559 964]]
[[216 890]] , [[215 891]]
[[136 887]] , [[136 891]]
[[770 871]] , [[770 876]]
[[184 873]] , [[183 874]]
[[344 903]] , [[345 902]]
[[208 912]] , [[209 911]]
[[161 925]] , [[160 926]]
[[579 921]] , [[579 924]]
[[348 924]] , [[348 927]]
[[774 934]] , [[774 943]]
[[580 917]] , [[580 931]]
[[144 920]] , [[142 922]]
[[149 966]] , [[149 970]]
[[584 938]] , [[584 943]]
[[586 936]] , [[584 938]]
[[784 948]] , [[784 953]]
[[175 989]] , [[174 990]]
[[588 923]] , [[588 927]]
[[158 895]] , [[158 899]]
[[201 983]] , [[202 982]]
[[567 898]] , [[567 907]]
[[588 910]] , [[588 923]]
[[191 863]] , [[191 866]]
[[156 907]] , [[156 911]]
[[170 933]] , [[171 932]]
[[160 887]] , [[160 890]]
[[125 871]] , [[125 875]]
[[193 896]] , [[193 902]]
[[568 924]] , [[568 929]]
[[570 923]] , [[569 924]]
[[352 934]] , [[351 935]]
[[364 904]] , [[364 908]]
[[372 908]] , [[372 913]]
[[216 896]] , [[216 898]]
[[165 911]] , [[165 925]]
[[395 899]] , [[393 901]]
[[158 892]] , [[157 893]]
[[279 854]] , [[279 858]]
[[159 859]] , [[157 861]]
[[165 903]] , [[165 907]]
[[386 894]] , [[386 901]]
[[183 909]] , [[183 910]]
[[391 909]] , [[391 912]]
[[401 919]] , [[401 920]]
[[416 898]] , [[416 899]]
[[178 925]] , [[178 926]]
[[425 904]] , [[425 908]]
[[610 902]] , [[610 903]]
[[624 890]] , [[624 895]]
[[626 890]] , [[626 895]]
[[416 900]] , [[415 901]]
[[607 855]] , [[607 856]]
[[680 856]] , [[680 861]]
[[573 855]] , [[573 859]]
[[432 850]] , [[432 855]]
[[692 854]] , [[692 855]]
[[478 855]] , [[478 859]]
[[300 856]] , [[300 860]]
[[285 854]] , [[285 859]]
[[719 849]] , [[719 855]]
[[388 848]] , [[388 852]]
[[362 856]] , [[362 861]]
[[402 899]] , [[403 898]]
[[840 848]] , [[840 855]]
[[723 850]] , [[722 851]]
[[254 898]] , [[255 897]]
[[571 849]] , [[571 853]]
[[800 846]] , [[800 851]]
[[290 854]] , [[290 859]]
[[431 845]] , [[431 846]]
[[586 857]] , [[587 856]]
[[239 846]] , [[239 850]]
[[760 840]] , [[760 844]]
[[304 854]] , [[304 855]]
[[270 856]] , [[270 860]]
[[410 866]] , [[411 865]]
[[650 853]] , [[649 854]]
[[618 855]] , [[618 859]]
[[603 845]] , [[603 849]]
[[654 855]] , [[654 859]]
[[860 848]] , [[860 855]]
[[243 892]] , [[243 896]]
[[714 852]] , [[714 855]]
[[210 917]] , [[211 916]]
[[220 943]] , [[221 942]]
[[700 856]] , [[700 857]]
[[ 239 1039]] , [[ 240 1038]]
[[704 856]] , [[704 857]]
[[221 865]] , [[221 869]]
[[616 852]] , [[616 855]]
[[302 854]] , [[302 858]]
[[302 854]] , [[302 858]]
[[660 847]] , [[660 851]]
[[461 852]] , [[461 856]]
[[569 855]] , [[569 859]]
[[525 845]] , [[525 849]]
[[434 853]] , [[434 854]]
[[576 855]] , [[576 859]]
[[304 852]] , [[304 853]]
[[253 844]] , [[253 848]]
[[757 844]] , [[757 849]]
[[710 856]] , [[710 857]]
[[584 855]] , [[584 859]]
[[284 878]] , [[285 877]]
[[302 849]] , [[302 853]]
[[221 855]] , [[221 860]]
[[311 853]] , [[311 857]]
[[221 856]] , [[221 860]]
[[749 851]] , [[749 855]]
[[816 860]] , [[816 865]]
[[298 854]] , [[297 855]]
[[645 852]] , [[645 856]]
[[597 852]] , [[597 858]]
[[674 857]] , [[674 861]]
[[731 849]] , [[731 853]]
[[233 870]] , [[234 869]]
[[233 870]] , [[234 869]]
[[706 867]] , [[705 868]]
[[652 908]] , [[650 910]]
[[220 881]] , [[220 882]]
[[430 901]] , [[430 905]]
[[559 864]] , [[560 863]]
[[209 869]] , [[207 871]]
[[221 888]] , [[220 889]]
[[621 854]] , [[621 863]]
[[242 901]] , [[243 900]]
[[482 856]] , [[482 857]]
[[196 867]] , [[194 869]]
[[824 852]] , [[824 857]]
[[451 860]] , [[451 865]]
[[661 851]] , [[661 853]]
[[299 857]] , [[298 858]]
[[280 856]] , [[280 860]]
[[278 856]] , [[278 860]]
[[410 854]] , [[410 865]]
[[307 860]] , [[307 865]]
[[581 858]] , [[581 862]]
[[478 856]] , [[478 860]]
[[823 853]] , [[822 854]]
[[603 857]] , [[603 861]]
[[778 869]] , [[779 868]]
[[436 855]] , [[436 856]]
[[272 854]] , [[271 855]]
[[184 857]] , [[183 858]]
[[438 847]] , [[438 851]]
[[ 207 1010]] , [[ 208 1009]]
[[396 843]] , [[396 847]]
[[268 842]] , [[268 846]]
[[184 857]] , [[185 856]]
[[178 851]] , [[176 853]]
[[208 949]] , [[209 948]]
[[329 854]] , [[328 855]]
[[184 857]] , [[183 858]]
[[558 847]] , [[558 851]]
[[221 863]] , [[221 871]]
[[515 845]] , [[515 846]]
[[158 862]] , [[158 870]]
[[551 842]] , [[551 846]]
[[581 890]] , [[581 894]]
[[700 845]] , [[700 849]]
[[654 843]] , [[654 847]]
[[735 843]] , [[735 844]]
[[279 842]] , [[279 847]]
[[601 847]] , [[601 849]]
[[288 848]] , [[288 852]]
[[559 847]] , [[559 851]]
[[181 855]] , [[181 856]]
[[320 838]] , [[320 842]]
[[365 845]] , [[364 846]]
[[593 844]] , [[593 849]]
[[642 845]] , [[642 846]]
[[168 852]] , [[168 854]]
[[159 855]] , [[159 859]]
[[301 851]] , [[301 856]]
[[201 855]] , [[201 859]]
[[529 845]] , [[529 849]]
[[201 855]] , [[201 860]]
[[346 846]] , [[346 851]]
[[673 845]] , [[673 849]]
[[744 849]] , [[743 850]]
[[589 845]] , [[589 846]]
[[250 844]] , [[250 848]]
[[653 847]] , [[653 851]]
[[576 845]] , [[576 849]]
[[231 842]] , [[231 846]]
[[694 847]] , [[694 851]]
[[541 845]] , [[541 847]]
[[549 843]] , [[549 847]]
[[725 845]] , [[723 847]]
[[621 847]] , [[621 848]]
[[667 845]] , [[667 849]]
[[479 845]] , [[479 848]]
[[653 843]] , [[653 847]]
[[651 845]] , [[651 849]]
[[279 844]] , [[279 848]]
[[184 847]] , [[183 848]]
[[ 81 855]] , [[ 82 854]]
[[576 849]] , [[576 853]]
[[366 848]] , [[366 853]]
[[314 847]] , [[314 851]]
[[277 848]] , [[277 852]]
[[489 851]] , [[489 852]]
[[304 854]] , [[304 859]]
[[272 863]] , [[272 868]]
[[493 843]] , [[493 844]]
[[230 861]] , [[229 862]]
[[120 852]] , [[120 856]]
[[558 853]] , [[558 857]]
[[372 848]] , [[372 852]]
[[120 857]] , [[121 856]]
[[532 851]] , [[532 855]]
[[ 94 850]] , [[ 94 854]]
[[224 879]] , [[225 878]]
[[740 852]] , [[739 853]]
[[611 854]] , [[612 853]]
[[ 96 852]] , [[ 96 857]]
[[740 852]] , [[739 853]]
[[573 853]] , [[573 857]]
[[660 853]] , [[660 857]]
[[540 853]] , [[540 857]]
[[266 848]] , [[266 852]]
[[189 852]] , [[189 856]]
[[455 894]] , [[456 893]]
[[440 854]] , [[440 858]]
[[365 854]] , [[365 858]]
[[116 854]] , [[116 857]]
[[116 854]] , [[116 857]]
[[740 851]] , [[739 852]]
[[605 852]] , [[605 853]]
[[540 853]] , [[540 857]]
[[181 850]] , [[181 854]]
[[201 856]] , [[201 860]]
[[554 853]] , [[554 857]]
[[185 848]] , [[185 852]]
[[645 845]] , [[645 848]]
[[438 847]] , [[438 850]]
[[649 847]] , [[649 850]]
[[366 853]] , [[366 857]]
[[142 858]] , [[142 862]]
[[357 855]] , [[357 859]]
[[223 851]] , [[223 852]]
[[468 876]] , [[469 875]]
[[671 856]] , [[671 857]]
[[546 863]] , [[546 867]]
[[584 856]] , [[584 860]]
[[242 857]] , [[242 861]]
[[138 858]] , [[138 859]]
[[429 849]] , [[429 853]]
[[209 924]] , [[210 923]]
[[544 855]] , [[544 859]]
[[287 850]] , [[287 859]]
[[631 855]] , [[631 856]]
[[430 855]] , [[430 859]]
[[174 856]] , [[174 857]]
[[126 841]] , [[126 845]]
[[247 855]] , [[247 859]]
[[539 851]] , [[539 855]]
[[413 857]] , [[413 861]]
[[460 855]] , [[460 859]]
[[279 862]] , [[279 866]]
[[132 856]] , [[132 860]]
[[672 851]] , [[672 863]]
[[670 845]] , [[669 846]]
[[580 855]] , [[580 859]]
[[197 845]] , [[197 849]]
[[508 847]] , [[508 851]]
[[198 845]] , [[198 849]]
[[507 851]] , [[507 855]]
[[163 854]] , [[163 858]]
[[690 856]] , [[691 855]]
[[462 849]] , [[462 853]]
[[493 853]] , [[493 857]]
[[669 858]] , [[669 863]]
[[620 856]] , [[620 861]]
[[408 856]] , [[408 861]]
[[581 886]] , [[581 890]]
[[733 851]] , [[733 855]]
[[609 867]] , [[608 868]]
[[138 869]] , [[138 873]]
[[794 868]] , [[794 873]]
[[778 876]] , [[777 877]]
[[235 858]] , [[235 862]]
[[269 858]] , [[269 863]]
[[697 851]] , [[697 855]]
[[237 860]] , [[237 864]]
[[528 852]] , [[528 857]]
[[294 860]] , [[294 864]]
[[730 851]] , [[730 852]]
[[445 853]] , [[445 857]]
[[395 847]] , [[395 851]]
[[259 854]] , [[259 858]]
[[384 851]] , [[384 855]]
[[395 931]] , [[396 930]]
[[261 854]] , [[261 858]]
[[216 848]] , [[216 849]]
[[300 845]] , [[300 849]]
[[397 879]] , [[398 879]]
[[480 863]] , [[481 862]]
[[674 852]] , [[674 853]]
[[624 853]] , [[624 857]]
[[477 849]] , [[477 853]]
[[389 892]] , [[390 891]]
[[273 854]] , [[273 858]]
[[834 850]] , [[834 855]]
[[609 857]] , [[609 861]]
[[391 890]] , [[392 889]]
[[481 851]] , [[481 855]]
[[251 848]] , [[251 852]]
[[393 892]] , [[394 891]]
[[643 859]] , [[643 863]]
[[603 857]] , [[603 861]]
[[605 855]] , [[605 856]]
[[742 849]] , [[742 853]]
[[612 857]] , [[612 861]]
[[840 894]] , [[840 898]]
[[840 882]] , [[840 891]]
[[192 940]] , [[191 941]]
[[189 893]] , [[189 900]]
[[635 879]] , [[634 880]]
[[285 880]] , [[285 886]]
[[193 865]] , [[193 870]]
[[607 900]] , [[607 904]]
[[408 919]] , [[408 922]]
[[634 948]] , [[634 953]]
[[438 920]] , [[438 925]]
[[639 948]] , [[639 953]]
[[723 997]] , [[722 998]]
[[340 992]] , [[340 993]]
[[289 992]] , [[ 289 1002]]
[[324 997]] , [[323 998]]
[[606 986]] , [[606 991]]
[[604 986]] , [[604 991]]
[[194 957]] , [[194 961]]
[[622 909]] , [[622 912]]
[[ 231 1006]] , [[ 230 1007]]
[[444 913]] , [[444 917]]
[[ 279 1000]] , [[ 279 1004]]
[[ 696 1006]] , [[ 696 1011]]
[[424 964]] , [[424 971]]
[[ 360 1006]] , [[ 360 1011]]
[[ 360 1002]] , [[ 360 1007]]
[[ 529 1013]] , [[ 528 1014]]
[[735 995]] , [[733 997]]
[[697 991]] , [[696 992]]
[[ 209 1011]] , [[ 209 1012]]
[[ 312 1002]] , [[ 312 1009]]
[[ 539 1019]] , [[ 538 1020]]
[[ 538 1022]] , [[ 537 1023]]
[[ 310 1010]] , [[ 310 1015]]
[[ 416 1008]] , [[ 416 1013]]
[[ 279 1002]] , [[ 279 1006]]
[[ 690 1004]] , [[ 690 1013]]
[[ 181 1023]] , [[ 181 1032]]
[[474 996]] , [[ 474 1001]]
[[ 590 1202]] , [[ 590 1207]]
[[ 622 1214]] , [[ 623 1213]]
[[ 477 1206]] , [[ 477 1210]]
[[ 618 1224]] , [[ 618 1228]]
[[ 784 1202]] , [[ 784 1203]]
[[ 506 1271]] , [[ 507 1270]]
[[ 803 1274]] , [[ 803 1278]]
[[ 718 1249]] , [[ 716 1251]]
[[ 198 1223]] , [[ 197 1224]]
[[ 479 1279]] , [[ 479 1286]]
[[ 786 1276]] , [[ 786 1280]]
[[ 211 1292]] , [[ 211 1297]]
[[ 664 1255]] , [[ 662 1257]]
[[ 188 1176]] , [[ 188 1177]]
[[ 316 1005]] , [[ 316 1009]]
[[213 983]] , [[213 994]]
[[748 928]] , [[748 933]]
[[634 896]] , [[634 900]]
[[398 908]] , [[398 912]]
[[420 895]] , [[420 903]]
[[409 894]] , [[409 902]]
[[172 892]] , [[172 897]]
[[511 881]] , [[511 894]]
[[400 884]] , [[400 888]]
[[479 873]] , [[479 880]]
[[400 884]] , [[400 888]]
[[223 862]] , [[223 867]]
[[511 881]] , [[511 894]]
[[222 893]] , [[220 895]]
[[733 871]] , [[733 877]]
[[381 870]] , [[381 874]]
[[395 877]] , [[395 881]]
[[382 862]] , [[382 871]]
[[248 879]] , [[249 878]]
[[394 866]] , [[394 870]]
[[170 865]] , [[170 869]]
[[170 863]] , [[170 867]]
[[624 874]] , [[624 878]]
[[637 898]] , [[637 902]]
[[191 888]] , [[191 892]]
[[624 872]] , [[624 879]]
[[625 873]] , [[625 876]]
[[394 866]] , [[394 870]]
[[184 871]] , [[184 879]]
[[623 875]] , [[622 876]]
[[386 880]] , [[386 884]]
[[421 875]] , [[421 879]]
[[428 865]] , [[427 866]]
[[178 870]] , [[179 869]]
[[543 876]] , [[543 881]]
[[184 869]] , [[184 873]]
[[425 865]] , [[425 868]]
[[734 871]] , [[733 872]]
[[678 870]] , [[677 871]]
[[602 857]] , [[602 861]]
[[605 898]] , [[605 900]]
[[430 897]] , [[430 905]]
[[179 918]] , [[179 924]]
[[535 912]] , [[535 920]]
[[428 908]] , [[428 913]]
[[384 902]] , [[384 906]]
[[400 935]] , [[400 945]]
[[628 908]] , [[628 912]]
[[406 908]] , [[406 912]]
[[403 894]] , [[403 898]]
[[186 908]] , [[186 912]]
[[483 890]] , [[483 894]]
[[384 908]] , [[383 909]]
[[629 917]] , [[629 918]]
[[518 906]] , [[517 907]]
[[400 912]] , [[400 916]]
[[622 896]] , [[622 897]]
[[404 907]] , [[404 911]]
[[379 937]] , [[379 941]]
[[370 919]] , [[370 929]]
[[398 923]] , [[398 933]]
[[614 914]] , [[614 915]]
[[173 921]] , [[173 922]]
[[746 923]] , [[746 928]]
[[517 926]] , [[517 929]]
[[513 907]] , [[513 916]]
[[392 926]] , [[392 930]]
[[364 893]] , [[364 897]]
[[166 923]] , [[166 927]]
[[746 923]] , [[746 930]]
[[609 937]] , [[609 941]]
[[609 928]] , [[609 937]]
[[147 940]] , [[147 945]]
[[372 953]] , [[372 957]]
[[358 934]] , [[358 941]]
[[154 919]] , [[154 923]]
[[142 940]] , [[142 945]]
[[594 932]] , [[594 936]]
[[354 923]] , [[354 927]]
[[157 887]] , [[155 889]]
[[388 902]] , [[388 906]]
[[144 921]] , [[144 925]]
[[352 892]] , [[352 896]]
[[ 185 1001]] , [[ 186 1000]]
[[191 865]] , [[190 866]]
[[203 891]] , [[202 892]]
[[417 878]] , [[418 877]]
[[336 889]] , [[336 895]]
[[577 884]] , [[577 888]]
[[562 857]] , [[562 861]]
[[133 885]] , [[133 892]]
[[404 874]] , [[405 873]]
[[427 861]] , [[427 862]]
[[331 870]] , [[331 874]]
[[186 872]] , [[185 873]]
[[719 881]] , [[719 885]]
[[120 894]] , [[120 905]]
[[434 879]] , [[434 883]]
[[683 891]] , [[682 892]]
[[571 906]] , [[571 909]]
[[310 912]] , [[310 917]]
[[328 914]] , [[328 923]]
[[122 906]] , [[122 911]]
[[132 869]] , [[132 873]]
[[324 900]] , [[324 905]]
[[138 892]] , [[138 897]]
[[649 859]] , [[649 863]]
[[547 870]] , [[547 876]]
[[500 885]] , [[499 886]]
[[175 869]] , [[175 873]]
[[547 876]] , [[547 883]]
[[361 878]] , [[361 886]]
[[473 891]] , [[473 895]]
[[669 892]] , [[668 893]]
[[322 896]] , [[322 897]]
[[473 890]] , [[473 894]]
[[143 911]] , [[143 915]]
[[547 880]] , [[546 881]]
[[ 96 869]] , [[ 96 873]]
[[178 866]] , [[177 867]]
[[307 873]] , [[307 874]]
[[475 873]] , [[475 874]]
[[748 891]] , [[748 895]]
[[542 887]] , [[542 892]]
[[371 888]] , [[371 893]]
[[665 869]] , [[665 872]]
[[130 887]] , [[130 891]]
[[670 892]] , [[670 896]]
[[558 900]] , [[558 904]]
[[560 904]] , [[560 908]]
[[312 934]] , [[312 938]]
[[501 893]] , [[501 898]]
[[760 879]] , [[760 883]]
[[698 876]] , [[698 877]]
[[184 873]] , [[183 874]]
[[480 890]] , [[480 894]]
[[132 906]] , [[132 915]]
[[580 896]] , [[580 903]]
[[579 921]] , [[579 924]]
[[777 938]] , [[777 942]]
[[550 917]] , [[550 926]]
[[162 921]] , [[161 922]]
[[582 934]] , [[582 939]]
[[584 934]] , [[584 939]]
[[550 933]] , [[550 938]]
[[550 933]] , [[550 938]]
[[567 916]] , [[567 919]]
[[179 959]] , [[179 966]]
[[175 942]] , [[175 946]]
[[146 906]] , [[146 911]]
[[594 896]] , [[594 899]]
[[175 901]] , [[175 910]]
[[535 926]] , [[534 927]]
[[592 896]] , [[592 903]]
[[586 934]] , [[586 935]]
[[566 918]] , [[566 922]]
[[168 909]] , [[167 910]]
[[576 879]] , [[576 893]]
[[594 898]] , [[594 905]]
[[592 904]] , [[592 908]]
[[359 907]] , [[359 910]]
[[156 916]] , [[156 920]]
[[213 912]] , [[214 911]]
[[358 902]] , [[358 906]]
[[196 927]] , [[197 926]]
[[213 925]] , [[214 924]]
[[614 908]] , [[614 909]]
[[595 920]] , [[595 924]]
[[223 895]] , [[223 896]]
[[374 897]] , [[374 904]]
[[595 904]] , [[595 908]]
[[220 917]] , [[220 928]]
[[218 931]] , [[218 937]]
[[184 933]] , [[184 937]]
[[190 935]] , [[190 936]]
[[634 914]] , [[634 915]]
[[523 930]] , [[523 935]]
[[523 930]] , [[523 935]]
[[523 930]] , [[523 935]]
[[414 896]] , [[414 899]]
[[404 919]] , [[404 923]]
[[414 938]] , [[414 941]]
[[640 894]] , [[640 898]]
[[535 894]] , [[535 895]]
[[184 905]] , [[184 913]]
[[418 902]] , [[418 907]]
[[535 894]] , [[535 896]]
[[187 877]] , [[187 878]]
[[548 893]] , [[546 895]]
[[232 891]] , [[231 892]]
[[447 874]] , [[447 880]]
[[844 888]] , [[844 895]]
[[549 895]] , [[549 901]]
[[416 904]] , [[416 908]]
[[763 969]] , [[764 968]]
[[452 907]] , [[452 911]]
[[508 892]] , [[507 893]]
[[532 901]] , [[532 904]]
[[640 886]] , [[640 890]]
[[852 886]] , [[852 893]]
[[406 895]] , [[406 899]]
[[415 889]] , [[415 893]]
[[656 898]] , [[656 902]]
[[428 898]] , [[428 899]]
[[408 881]] , [[408 885]]
[[354 908]] , [[353 909]]
[[763 969]] , [[764 968]]
[[838 868]] , [[838 872]]
[[840 870]] , [[840 875]]
[[620 855]] , [[620 859]]
[[731 873]] , [[731 874]]
[[216 866]] , [[216 870]]
[[529 879]] , [[529 884]]
[[346 856]] , [[346 861]]
[[529 879]] , [[529 884]]
[[445 910]] , [[445 914]]
[[544 887]] , [[543 888]]
[[551 907]] , [[551 913]]
[[239 909]] , [[239 913]]
[[711 873]] , [[711 874]]
[[402 887]] , [[402 891]]
[[213 889]] , [[213 890]]
[[302 865]] , [[302 870]]
[[210 863]] , [[210 867]]
[[189 871]] , [[189 872]]
[[226 970]] , [[227 969]]
[[586 859]] , [[586 863]]
[[226 932]] , [[227 931]]
[[680 904]] , [[680 915]]
[[196 883]] , [[197 882]]
[[215 863]] , [[215 867]]
[[237 865]] , [[237 867]]
[[237 867]] , [[237 871]]
[[712 856]] , [[712 857]]
[[200 867]] , [[198 869]]
[[227 863]] , [[227 867]]
[[227 863]] , [[227 867]]
[[591 855]] , [[591 856]]
[[706 854]] , [[706 858]]
[[724 849]] , [[724 859]]
[[574 859]] , [[574 863]]
[[591 856]] , [[591 858]]
[[222 859]] , [[222 863]]
[[604 861]] , [[604 865]]
[[880 874]] , [[880 883]]
[[636 863]] , [[636 867]]
[[269 867]] , [[268 868]]
[[259 893]] , [[259 898]]
[[401 870]] , [[400 871]]
[[450 898]] , [[450 913]]
[[432 874]] , [[432 883]]
[[220 881]] , [[220 882]]
[[209 869]] , [[207 871]]
[[241 887]] , [[240 888]]
[[431 904]] , [[431 912]]
[[249 902]] , [[249 906]]
[[202 901]] , [[203 900]]
[[693 873]] , [[693 892]]
[[662 904]] , [[662 911]]
[[307 861]] , [[307 865]]
[[430 875]] , [[430 879]]
[[580 863]] , [[580 867]]
[[193 870]] , [[192 871]]
[[573 863]] , [[573 867]]
[[220 863]] , [[220 867]]
[[432 859]] , [[432 860]]
[[436 872]] , [[436 876]]
[[598 865]] , [[598 869]]
[[790 866]] , [[790 867]]
[[520 858]] , [[520 863]]
[[216 877]] , [[216 881]]
[[412 892]] , [[412 897]]
[[193 869]] , [[191 871]]
[[744 920]] , [[745 919]]
[[540 891]] , [[539 892]]
[[687 867]] , [[687 875]]
[[220 895]] , [[218 897]]
[[202 902]] , [[203 901]]
[[433 838]] , [[430 841]]
[[ 537 1338]] , [[ 538 1337]]
[[ 539 1357]] , [[ 540 1356]]
[[799 904]] , [[800 903]]
[[ 403 1318]] , [[ 404 1317]]
[[ 617 1304]] , [[ 618 1303]]
[[180 955]] , [[180 963]]
[[179 906]] , [[179 910]]
[[442 971]] , [[443 970]]
[[795 907]] , [[795 912]]
[[638 988]] , [[638 990]]
[[831 957]] , [[831 964]]
[[455 967]] , [[455 974]]
[[743 845]] , [[743 852]]
[[435 797]] , [[435 801]]
[[394 906]] , [[395 905]]
[[388 863]] , [[389 862]]
[[403 767]] , [[403 774]]
[[551 857]] , [[552 856]]
[[766 842]] , [[767 841]]
[[673 769]] , [[671 771]]
[[378 818]] , [[379 817]]
[[452 801]] , [[461 801]]
[[668 817]] , [[669 817]]
[[241 779]] , [[241 786]]
[[407 905]] , [[408 904]]
[[370 817]] , [[379 817]]
[[494 807]] , [[495 806]]
[[579 859]] , [[580 858]]
[[240 763]] , [[240 767]]
[[577 838]] , [[576 839]]
[[365 816]] , [[366 815]]
[[491 759]] , [[491 768]]
[[667 788]] , [[668 787]]
[[437 851]] , [[442 851]]
[[428 842]] , [[434 842]]
[[619 819]] , [[620 818]]
[[752 837]] , [[754 839]]
[[354 831]] , [[355 830]]
[[433 848]] , [[434 847]]
[[407 765]] , [[405 767]]
[[391 786]] , [[392 785]]
[[475 766]] , [[474 767]]
[[769 737]] , [[767 739]]
[[447 760]] , [[447 764]]
[[365 822]] , [[366 821]]
[[445 772]] , [[444 773]]
[[599 731]] , [[599 733]]
[[218 840]] , [[219 839]]
[[389 863]] , [[390 862]]
[[514 763]] , [[514 764]]
[[406 899]] , [[407 898]]
[[399 901]] , [[400 900]]
[[396 896]] , [[397 895]]
[[569 853]] , [[570 852]]
[[569 859]] , [[570 858]]
[[393 877]] , [[394 876]]
[[484 853]] , [[486 853]]
[[394 896]] , [[397 899]]
[[387 951]] , [[388 950]]
[[544 857]] , [[545 856]]
[[748 841]] , [[749 840]]
[[380 851]] , [[381 850]]
[[387 929]] , [[388 928]]
[[383 864]] , [[384 863]]
[[388 919]] , [[389 918]]
[[410 860]] , [[411 859]]
[[383 863]] , [[384 862]]
[[382 953]] , [[383 952]]
[[389 861]] , [[390 860]]
[[772 842]] , [[773 841]]
[[699 797]] , [[697 799]]
[[497 764]] , [[497 768]]
[[171 872]] , [[172 871]]
[[675 834]] , [[675 838]]
[[813 861]] , [[811 863]]
[[654 854]] , [[653 855]]
[[241 843]] , [[240 844]]
[[813 857]] , [[813 862]]
[[441 857]] , [[442 856]]
[[729 795]] , [[728 796]]
[[337 830]] , [[336 831]]
[[371 802]] , [[372 801]]
[[669 749]] , [[667 751]]
[[468 842]] , [[468 848]]
[[739 835]] , [[738 836]]
[[481 857]] , [[482 856]]
[[361 895]] , [[362 894]]
[[360 953]] , [[361 952]]
[[295 840]] , [[296 840]]
[[560 847]] , [[560 852]]
[[255 864]] , [[255 869]]
[[794 848]] , [[793 849]]
[[317 859]] , [[318 858]]
[[361 912]] , [[362 911]]
[[374 843]] , [[375 842]]
[[553 846]] , [[552 847]]
[[586 875]] , [[587 874]]
[[353 916]] , [[354 915]]
[[378 865]] , [[379 864]]
[[417 859]] , [[418 858]]
[[327 774]] , [[326 775]]
[[336 767]] , [[335 768]]
[[362 854]] , [[363 853]]
[[123 866]] , [[124 865]]
[[401 859]] , [[402 858]]
[[560 873]] , [[561 872]]
[[667 776]] , [[666 777]]
[[141 881]] , [[142 880]]
[[691 781]] , [[688 784]]
[[114 864]] , [[115 863]]
[[499 857]] , [[500 856]]
[[114 842]] , [[115 841]]
[[763 856]] , [[762 857]]
[[117 891]] , [[117 898]]
[[617 854]] , [[618 853]]
[[721 795]] , [[721 802]]
[[731 849]] , [[732 848]]
[[530 858]] , [[531 857]]
[[103 845]] , [[104 844]]
[[405 859]] , [[406 858]]
[[107 851]] , [[108 850]]
[[660 855]] , [[661 854]]
[[576 850]] , [[577 849]]
[[451 859]] , [[452 858]]
[[138 887]] , [[139 886]]
[[131 881]] , [[132 882]]
[[136 837]] , [[137 836]]
[[106 840]] , [[108 840]]
[[346 857]] , [[347 856]]
[[368 815]] , [[367 816]]
[[336 855]] , [[337 854]]
[[689 789]] , [[687 791]]
[[692 795]] , [[693 794]]
[[660 782]] , [[658 784]]
[[747 849]] , [[748 848]]
[[288 853]] , [[289 852]]
[[584 860]] , [[585 859]]
[[561 892]] , [[562 891]]
[[603 854]] , [[608 854]]
[[665 865]] , [[666 864]]
[[491 755]] , [[494 758]]
[[643 856]] , [[644 855]]
[[641 723]] , [[641 730]]
[[626 855]] , [[627 854]]
[[543 862]] , [[544 861]]
[[590 851]] , [[591 850]]
[[654 859]] , [[655 858]]
[[158 924]] , [[159 923]]
[[575 863]] , [[576 862]]
[[586 862]] , [[587 861]]
[[696 832]] , [[695 833]]
[[345 915]] , [[345 920]]
[[771 863]] , [[769 865]]
[[663 822]] , [[662 823]]
[[678 824]] , [[678 829]]
[[134 841]] , [[133 842]]
[[128 830]] , [[127 831]]
[[345 873]] , [[344 874]]
[[ 147 1021]] , [[ 148 1020]]
[[779 845]] , [[778 846]]
[[122 844]] , [[122 853]]
[[200 864]] , [[200 868]]
[[593 863]] , [[594 862]]
[[484 851]] , [[485 850]]
[[649 811]] , [[649 818]]
[[715 799]] , [[715 806]]
[[324 857]] , [[325 856]]
[[264 875]] , [[265 874]]
[[555 859]] , [[556 858]]
[[642 853]] , [[643 852]]
[[664 796]] , [[663 797]]
[[663 797]] , [[663 802]]
[[669 811]] , [[669 816]]
[[154 917]] , [[156 919]]
[[787 845]] , [[786 846]]
[[792 846]] , [[791 847]]
[[335 846]] , [[336 845]]
[[ 173 1042]] , [[ 174 1041]]
[[371 778]] , [[372 777]]
[[377 818]] , [[378 817]]
[[399 787]] , [[395 791]]
[[753 842]] , [[758 842]]
[[409 801]] , [[410 800]]
[[387 813]] , [[388 812]]
[[387 813]] , [[388 812]]
[[671 781]] , [[671 788]]
[[206 839]] , [[207 838]]
[[393 797]] , [[392 798]]
[[680 852]] , [[681 851]]
[[394 910]] , [[395 909]]
[[667 791]] , [[667 806]]
[[215 843]] , [[216 842]]
[[227 834]] , [[223 838]]
[[393 957]] , [[394 956]]
[[378 819]] , [[379 818]]
[[508 860]] , [[509 859]]
[[540 858]] , [[541 857]]
[[226 843]] , [[227 842]]
[[334 855]] , [[335 854]]
[[375 775]] , [[374 776]]
[[744 844]] , [[745 843]]
[[673 779]] , [[673 786]]
[[389 853]] , [[390 852]]
[[743 787]] , [[743 794]]
[[234 842]] , [[235 841]]
[[679 765]] , [[677 767]]
[[403 795]] , [[402 796]]
[[365 771]] , [[365 773]]
[[751 747]] , [[751 752]]
[[345 787]] , [[345 792]]
[[485 797]] , [[481 801]]
[[628 826]] , [[629 825]]
[[662 837]] , [[663 836]]
[[395 795]] , [[395 802]]
[[238 844]] , [[239 843]]
[[591 699]] , [[591 706]]
[[440 838]] , [[443 841]]
[[438 840]] , [[439 839]]
[[587 857]] , [[588 856]]
[[587 857]] , [[588 856]]
[[348 767]] , [[348 772]]
[[489 855]] , [[493 855]]
[[608 850]] , [[609 849]]
[[344 810]] , [[344 818]]
[[484 798]] , [[481 801]]
[[438 901]] , [[439 900]]
[[346 793]] , [[346 796]]
[[295 882]] , [[296 881]]
[[555 803]] , [[555 807]]
[[447 895]] , [[448 894]]
[[497 858]] , [[498 857]]
[[611 799]] , [[609 801]]
[[458 866]] , [[459 865]]
[[459 866]] , [[460 865]]
[[413 863]] , [[414 862]]
[[434 880]] , [[435 879]]
[[522 858]] , [[523 857]]
[[752 844]] , [[753 843]]
[[511 863]] , [[512 862]]
[[464 842]] , [[465 841]]
[[473 858]] , [[474 858]]
[[743 846]] , [[744 845]]
[[474 857]] , [[475 858]]
[[347 798]] , [[347 802]]
[[689 735]] , [[688 736]]
[[330 721]] , [[330 728]]
[[670 768]] , [[668 770]]
[[673 774]] , [[674 773]]
[[468 839]] , [[469 838]]
[[838 704]] , [[838 709]]
[[655 717]] , [[653 719]]
[[348 795]] , [[348 800]]
[[557 491]] , [[557 495]]
[[708 635]] , [[708 639]]
[[623 749]] , [[621 751]]
[[645 754]] , [[646 753]]
[[288 713]] , [[288 717]]
[[623 749]] , [[621 751]]
[[579 738]] , [[580 738]]
[[665 826]] , [[666 825]]
[[599 763]] , [[599 770]]
[[671 716]] , [[668 719]]
[[679 752]] , [[679 764]]
[[498 739]] , [[499 739]]
[[591 797]] , [[591 803]]
[[663 757]] , [[661 759]]
[[667 762]] , [[668 762]]
[[679 753]] , [[679 766]]
[[663 757]] , [[661 759]]
[[503 749]] , [[501 751]]
[[350 780]] , [[350 784]]
[[599 763]] , [[599 770]]
[[508 864]] , [[509 865]]
[[636 793]] , [[637 793]]
[[323 827]] , [[323 832]]
[[399 783]] , [[397 785]]
[[617 790]] , [[618 789]]
[[479 775]] , [[480 774]]
[[329 821]] , [[329 825]]
[[607 779]] , [[607 786]]
[[630 819]] , [[631 818]]
[[499 770]] , [[500 769]]
[[396 818]] , [[397 817]]
[[599 779]] , [[599 786]]
[[507 786]] , [[508 786]]
[[318 821]] , [[318 829]]
[[447 797]] , [[446 798]]
[[539 799]] , [[539 804]]
[[414 824]] , [[413 825]]
[[423 892]] , [[424 891]]
[[425 918]] , [[426 917]]
[[805 833]] , [[805 840]]
[[179 848]] , [[177 850]]
[[267 843]] , [[267 848]]
[[771 833]] , [[770 834]]
[[200 874]] , [[200 879]]
[[679 757]] , [[677 759]]
[[755 835]] , [[755 837]]
[[554 756]] , [[555 755]]
[[551 751]] , [[550 752]]
[[371 796]] , [[372 795]]
[[340 817]] , [[341 816]]
[[391 760]] , [[391 761]]
[[248 883]] , [[249 882]]
[[593 781]] , [[591 783]]
[[481 781]] , [[479 783]]
[[158 883]] , [[160 883]]
[[153 979]] , [[154 978]]
[[153 885]] , [[154 884]]
[[210 858]] , [[210 859]]
[[720 783]] , [[720 787]]
[[301 813]] , [[299 815]]
[[659 769]] , [[659 778]]
[[337 833]] , [[339 835]]
[[277 861]] , [[278 860]]
[[568 884]] , [[569 883]]
[[510 844]] , [[511 843]]
[[315 837]] , [[317 837]]
[[465 781]] , [[463 783]]
[[294 841]] , [[295 840]]
[[467 786]] , [[468 786]]
[[347 777]] , [[346 778]]
[[623 797]] , [[621 799]]
[[625 804]] , [[626 803]]
[[664 827]] , [[665 826]]
[[579 802]] , [[579 806]]
[[200 842]] , [[201 841]]
[[652 801]] , [[656 805]]
[[ 77 850]] , [[ 78 849]]
[[719 842]] , [[720 841]]
[[508 917]] , [[509 916]]
[[465 846]] , [[466 845]]
[[182 839]] , [[183 838]]
[[363 767]] , [[363 778]]
[[ 61 829]] , [[ 64 829]]
[[166 850]] , [[167 849]]
[[667 767]] , [[667 784]]
[[377 765]] , [[375 767]]
[[365 855]] , [[366 854]]
[[135 860]] , [[136 859]]
[[109 824]] , [[109 826]]
[[388 847]] , [[395 847]]
[[670 800]] , [[669 801]]
[[377 843]] , [[380 846]]
[[395 795]] , [[394 796]]
[[465 890]] , [[466 889]]
[[459 892]] , [[460 891]]
[[482 890]] , [[483 889]]
[[416 844]] , [[425 844]]
[[673 757]] , [[671 759]]
[[616 820]] , [[616 833]]
[[100 830]] , [[ 99 831]]
[[617 805]] , [[617 806]]
[[549 795]] , [[549 799]]
[[261 842]] , [[262 841]]
[[334 777]] , [[334 782]]
[[399 791]] , [[398 792]]
[[330 852]] , [[331 851]]
[[318 846]] , [[319 845]]
[[399 797]] , [[398 798]]
[[369 846]] , [[370 845]]
[[332 850]] , [[334 852]]
[[607 794]] , [[606 795]]
[[460 869]] , [[461 868]]
[[460 869]] , [[461 868]]
[[615 802]] , [[615 811]]
[[670 861]] , [[671 860]]
[[ 57 829]] , [[ 56 830]]
[[260 847]] , [[261 846]]
[[403 859]] , [[404 858]]
[[403 859]] , [[404 858]]
[[376 845]] , [[377 844]]
[[108 833]] , [[109 834]]
[[426 794]] , [[425 795]]
[[426 794]] , [[425 795]]
[[649 697]] , [[649 702]]
[[686 718]] , [[685 719]]
[[687 717]] , [[683 721]]
[[401 741]] , [[400 742]]
[[273 701]] , [[273 705]]
[[335 782]] , [[335 783]]
[[559 797]] , [[557 799]]
[[697 761]] , [[697 768]]
[[433 855]] , [[434 854]]
[[335 786]] , [[335 787]]
[[603 585]] , [[603 589]]
[[334 781]] , [[334 786]]
[[951 688]] , [[949 690]]
[[498 911]] , [[499 910]]
[[403 854]] , [[404 854]]
[[709 744]] , [[704 749]]
[[306 828]] , [[304 830]]
[[305 829]] , [[304 830]]
[[479 801]] , [[478 802]]
[[708 862]] , [[709 861]]
[[575 799]] , [[574 800]]
[[752 752]] , [[752 756]]
[[459 855]] , [[460 854]]
[[668 814]] , [[667 815]]
[[405 801]] , [[401 805]]
[[351 831]] , [[352 830]]
[[616 813]] , [[616 817]]
[[669 859]] , [[670 858]]
[[451 859]] , [[452 858]]
[[469 862]] , [[470 861]]
[[564 805]] , [[564 809]]
[[ 94 840]] , [[ 95 839]]
[[539 910]] , [[540 909]]
[[742 850]] , [[743 849]]
[[ 98 840]] , [[ 99 839]]
[[274 850]] , [[275 849]]
[[253 841]] , [[255 841]]
[[144 845]] , [[145 844]]
[[343 787]] , [[343 791]]
[[526 857]] , [[527 856]]
[[354 836]] , [[355 835]]
[[376 750]] , [[376 754]]
[[633 755]] , [[633 762]]
[[612 785]] , [[613 785]]
[[697 760]] , [[697 765]]
[[663 749]] , [[661 751]]
[[336 835]] , [[336 839]]
[[685 751]] , [[685 756]]
[[546 755]] , [[547 754]]
[[729 846]] , [[730 845]]
[[639 749]] , [[637 751]]
[[667 752]] , [[668 752]]
[[650 843]] , [[651 842]]
[[661 687]] , [[661 704]]
[[671 749]] , [[669 751]]
[[383 773]] , [[381 775]]
[[668 790]] , [[667 791]]
[[687 751]] , [[686 752]]
[[727 737]] , [[726 738]]
[[410 853]] , [[411 852]]
[[591 822]] , [[590 823]]
[[247 693]] , [[246 694]]
[[450 852]] , [[459 852]]
[[591 799]] , [[589 801]]
[[573 852]] , [[576 852]]
[[676 738]] , [[677 737]]
[[528 859]] , [[529 858]]
[[483 863]] , [[484 862]]
[[707 856]] , [[708 855]]
[[409 795]] , [[409 802]]
[[639 793]] , [[639 800]]
[[447 857]] , [[447 862]]
[[708 858]] , [[709 857]]
[[667 789]] , [[667 796]]
[[232 841]] , [[233 840]]
[[450 857]] , [[451 856]]
[[450 857]] , [[451 856]]
[[531 797]] , [[529 799]]
[[496 863]] , [[497 862]]
[[433 843]] , [[434 842]]
[[414 921]] , [[415 920]]
[[431 865]] , [[432 864]]
[[404 888]] , [[405 887]]
[[511 773]] , [[509 775]]
[[414 893]] , [[415 892]]
[[483 799]] , [[483 804]]
[[406 897]] , [[410 897]]
[[615 795]] , [[613 797]]
[[615 795]] , [[613 797]]
[[546 841]] , [[546 846]]
[[422 834]] , [[420 836]]
[[266 867]] , [[262 871]]
[[413 915]] , [[416 918]]
[[421 836]] , [[421 840]]
[[557 841]] , [[557 846]]
[[804 845]] , [[805 844]]
[[804 845]] , [[805 844]]
[[477 793]] , [[477 799]]
[[475 799]] , [[475 803]]
[[813 839]] , [[813 846]]
[[666 751]] , [[666 755]]
[[431 835]] , [[430 836]]
[[480 793]] , [[480 797]]
[[241 896]] , [[241 904]]
[[791 848]] , [[792 847]]
[[646 909]] , [[647 908]]
[[184 895]] , [[184 900]]
[[709 861]] , [[707 863]]
[[181 878]] , [[181 883]]
[[647 905]] , [[648 906]]
[[241 888]] , [[237 892]]
[[839 927]] , [[837 929]]
[[213 830]] , [[211 832]]
[[189 960]] , [[189 966]]
[[615 913]] , [[615 918]]
[[240 892]] , [[239 893]]
[[217 941]] , [[217 945]]
[[240 890]] , [[238 892]]
[[176 928]] , [[177 927]]
[[400 842]] , [[398 844]]
[[391 916]] , [[392 915]]
[[812 878]] , [[811 879]]
[[205 969]] , [[205 970]]
[[170 984]] , [[171 985]]
[[ 160 1031]] , [[ 163 1031]]
[[585 870]] , [[584 871]]
[[ 149 1153]] , [[ 150 1154]]
[[774 846]] , [[772 848]]
[[341 974]] , [[342 973]]
[[101 881]] , [[101 887]]
[[101 959]] , [[101 965]]
[[ 179 1008]] , [[ 180 1007]]
[[ 100 1009]] , [[ 101 1008]]
[[312 901]] , [[311 902]]
[[ 316 1000]] , [[ 315 1001]]
[[235 886]] , [[234 887]]
[[695 975]] , [[695 984]]
[[279 886]] , [[280 885]]
[[254 848]] , [[252 850]]
[[262 851]] , [[261 852]]
[[264 932]] , [[265 931]]
[[521 846]] , [[530 846]]
[[284 921]] , [[285 922]]
[[177 838]] , [[176 839]]
[[267 978]] , [[268 977]]
[[611 851]] , [[612 851]]
[[261 861]] , [[261 866]]
[[212 844]] , [[213 843]]
[[191 840]] , [[190 841]]
[[246 852]] , [[244 854]]
[[209 838]] , [[208 839]]
[[482 889]] , [[483 888]]
[[230 836]] , [[229 837]]
[[ 43 834]] , [[ 43 840]]
[[279 836]] , [[278 837]]
[[497 912]] , [[498 913]]
[[270 971]] , [[271 970]]
[[ 78 878]] , [[ 77 879]]
[[ 55 871]] , [[ 56 870]]
[[211 837]] , [[210 838]]
[[ 71 831]] , [[ 72 830]]
[[744 847]] , [[743 848]]
[[543 791]] , [[542 792]]
[[418 840]] , [[417 841]]
[[203 842]] , [[204 842]]
[[260 835]] , [[259 836]]
[[275 877]] , [[274 878]]
[[149 836]] , [[146 839]]
[[111 987]] , [[107 991]]
[[266 866]] , [[266 868]]
[[295 937]] , [[295 944]]
[[258 882]] , [[256 884]]
[[213 964]] , [[214 963]]
[[316 840]] , [[316 844]]
[[222 895]] , [[221 896]]
[[309 832]] , [[307 834]]
[[ 274 1014]] , [[ 275 1013]]
[[210 981]] , [[211 980]]
[[345 889]] , [[343 891]]
[[141 842]] , [[140 843]]
[[384 836]] , [[385 835]]
[[214 834]] , [[212 836]]
[[ 192 1092]] , [[ 193 1091]]
[[200 843]] , [[200 848]]
[[345 995]] , [[ 345 1002]]
[[265 865]] , [[264 866]]
[[604 899]] , [[604 904]]
[[193 938]] , [[194 937]]
[[403 894]] , [[402 895]]
[[406 898]] , [[407 897]]
[[429 836]] , [[430 836]]
[[488 838]] , [[487 839]]
[[671 847]] , [[671 854]]
[[626 798]] , [[625 799]]
[[728 852]] , [[729 851]]
[[412 893]] , [[413 892]]
[[724 854]] , [[725 853]]
[[631 761]] , [[631 766]]
[[366 776]] , [[366 783]]
[[404 770]] , [[406 770]]
[[387 830]] , [[389 832]]
[[415 768]] , [[415 772]]
[[400 996]] , [[401 995]]
[[ 405 1016]] , [[ 406 1015]]
[[ 434 1245]] , [[ 435 1244]]
[[ 780 1374]] , [[ 781 1373]]
[[198 906]] , [[198 910]]
[[193 869]] , [[193 879]]
[[ 379 1338]] , [[ 380 1337]]
[[259 881]] , [[259 886]]
[[661 912]] , [[661 917]]
[[829 875]] , [[829 880]]
[[417 919]] , [[418 918]]
[[829 875]] , [[829 880]]
[[799 872]] , [[800 871]]
[[ 669 1345]] , [[ 671 1345]]
